step,losses/eval.bodypart_heatmap,losses/eval.bodypart_locref,losses/eval.bodypart_total_loss,losses/eval.total_loss,losses/train.bodypart_heatmap,losses/train.bodypart_locref,losses/train.bodypart_total_loss,losses/train.total_loss,metrics/test.mAP,metrics/test.mAP_pcutoff,metrics/test.mAR,metrics/test.mAR_pcutoff,metrics/test.rmse,metrics/test.rmse_pcutoff
1,0.0007723246235400438,0.24603255093097687,0.006536975968629122,0.006536975968629122,0.0016675041988492012,0.36574774980545044,0.009977445937693119,0.009977445937693119,0.561056105610561,0.0,1.6666666666666667,0.0,24.528474807739258,18.649295806884766
2,0.0007757224957458675,0.20002973079681396,0.00538860447704792,0.00538860447704792,0.00118629343342036,0.18124979734420776,0.005124392919242382,0.005124392919242382,22.524752475247524,12.970297029702971,30.0,16.666666666666664,8.58863353729248,4.370119571685791
3,0.0005829269648529589,0.12207406014204025,0.003343314863741398,0.003343314863741398,0.0009280855301767588,0.140486940741539,0.0039762165397405624,0.0039762165397405624,44.52970297029703,21.871287128712876,45.0,25.0,7.535678386688232,8.001282691955566
4,0.0006657395861111581,0.11729233711957932,0.003265178529545665,0.003265178529545665,0.0008105445303954184,0.1297951489686966,0.0036501504946500063,0.0036501504946500063,28.935643564356432,28.935643564356432,38.33333333333333,38.33333333333333,28.257862091064453,28.257862091064453
5,0.00038141958066262305,0.1088995411992073,0.0029131982009857893,0.0029131982009857893,0.0004715370596386492,0.09395930916070938,0.002584750996902585,0.002584750996902585,52.71287128712871,52.71287128712871,53.333333333333336,53.333333333333336,3.7821693420410156,3.7821693420410156
6,0.000347442488418892,0.08965287357568741,0.0024150433018803596,0.0024150433018803596,0.0003362470888532698,0.07999571412801743,0.0021680165082216263,0.0021680165082216263,60.618811881188115,60.618811881188115,63.33333333333334,63.33333333333334,3.3863797187805176,3.3863797187805176
7,0.0003743648703675717,0.08317408710718155,0.0022665350697934628,0.0022665350697934628,0.00035288502112962306,0.0811646580696106,0.002205559052526951,0.002205559052526951,60.742574257425744,24.17161716171617,61.66666666666667,25.0,3.5708682537078857,3.411868095397949
8,0.00019336499099154025,0.06309715658426285,0.0016741113504394889,0.0016741113504394889,0.00033972898381762207,0.0690758228302002,0.0018967600772157311,0.0018967600772157311,63.26732673267327,63.26732673267327,65.00000000000001,65.00000000000001,2.88344669342041,2.88344669342041
9,0.00018366922449786216,0.0699760839343071,0.0018412364879623055,0.0018412364879623055,0.00023411439906340092,0.059677593410015106,0.0016089968848973513,0.0016089968848973513,59.445544554455445,59.445544554455445,61.66666666666667,61.66666666666667,3.2530736923217773,3.2530736923217773
10,0.00021323222608771175,0.05099746212363243,0.001381552778184414,0.001381552778184414,0.00022525680833496153,0.06355422735214233,0.001701484085060656,0.001701484085060656,76.73267326732673,76.73267326732673,78.33333333333333,78.33333333333333,2.261795997619629,2.261795997619629
11,0.00028872446273453534,0.06932062655687332,0.0018773777410387993,0.0018773777410387993,0.0002861179818864912,0.056841008365154266,0.001564084435813129,0.001564084435813129,74.3069306930693,74.3069306930693,76.66666666666666,76.66666666666666,2.4579687118530273,2.4579687118530273
12,0.0002159395517082885,0.06950867176055908,0.0018456866964697838,0.0018456866964697838,0.00032928978907875717,0.05630277842283249,0.001572214299812913,0.001572214299812913,57.57425742574257,57.57425742574257,60.00000000000001,60.00000000000001,3.3410768508911133,3.271497964859009
13,0.00022144442482385784,0.08055128902196884,0.00212450441904366,0.00212450441904366,0.0002255582221550867,0.04967113211750984,0.0013545574620366096,0.0013545574620366096,47.054455445544555,47.054455445544555,49.999999999999986,49.999999999999986,3.7059593200683594,3.7059593200683594
14,0.00022432189143728465,0.05795606970787048,0.001561062759719789,0.001561062759719789,0.0002468813327141106,0.04885643720626831,0.0013448518002405763,0.0013448518002405763,71.36138613861385,71.36138613861385,73.33333333333333,73.33333333333333,2.6995387077331543,2.6995387077331543
15,0.0002582012093625963,0.07385402172803879,0.001975450897589326,0.001975450897589326,0.00028041188488714397,0.050792865455150604,0.0014100276166573167,0.0014100276166573167,56.83168316831683,56.83168316831683,60.0,60.0,3.305574417114258,3.3976986408233643
16,0.0004598609230015427,0.0907459557056427,0.0024985794443637133,0.0024985794443637133,0.0007145156268961728,0.06477829813957214,0.00197671540081501,0.00197671540081501,53.88613861386139,29.544554455445542,59.999999999999986,31.66666666666666,3.117337226867676,2.885852336883545
17,0.00022213176998775452,0.0833057090640068,0.0021937086712569,0.0021937086712569,0.0003114274004474282,0.05092620104551315,0.001428868854418397,0.001428868854418397,54.83168316831682,54.83168316831682,54.99999999999999,54.99999999999999,3.976313591003418,3.976313591003418
18,0.0002899518876802176,0.08809351921081543,0.0023473140317946672,0.0023473140317946672,0.0002112121437676251,0.03792605921626091,0.0010537577327340841,0.0010537577327340841,51.4026402640264,51.4026402640264,53.33333333333334,53.33333333333334,3.6186256408691406,3.6186256408691406
19,0.0003620880888774991,0.08334260433912277,0.0022646093275398016,0.0022646093275398016,0.00020815581956412643,0.03956783190369606,0.0010932737495750189,0.0010932737495750189,58.92574257425742,42.48844884488449,63.33333333333334,43.33333333333334,5.014614582061768,3.2258224487304688
20,0.00025365143665112555,0.06653288751840591,0.0017901478568091989,0.0017901478568091989,0.00024010345805436373,0.03988933563232422,0.001117285224609077,0.001117285224609077,70.87458745874588,70.87458745874588,75.0,75.0,2.6716020107269287,2.6716020107269287
21,0.0001583587727509439,0.050248656421899796,0.0013353958493098617,0.0013353958493098617,0.00022569848806597292,0.03804735466837883,0.0010640331311151385,0.0010640331311151385,66.31188118811882,66.31188118811882,68.33333333333333,68.33333333333333,2.7667579650878906,2.7667579650878906
22,0.00013048715482000262,0.05557064712047577,0.0014545097947120667,0.0014545097947120667,0.00015740041271783412,0.034058909863233566,0.0009301729733124375,0.0009301729733124375,60.321782178217816,60.321782178217816,63.33333333333334,63.33333333333334,3.099477529525757,3.099477529525757
23,0.00017277609731536359,0.06546293944120407,0.0017229613149538636,0.0017229613149538636,0.0002655689022503793,0.03552721440792084,0.0010209649335592985,0.0010209649335592985,66.95544554455446,66.95544554455446,68.33333333333333,68.33333333333333,2.982883930206299,2.982883930206299
24,0.00012963700282853097,0.04573146626353264,0.0012081052409484982,0.0012081052409484982,0.00012597597378771752,0.025586657226085663,0.0007026544772088528,0.0007026544772088528,75.56930693069307,75.56930693069307,76.66666666666667,76.66666666666667,2.5024263858795166,2.5024263858795166
25,0.00013626930012833327,0.06021752953529358,0.0015735728666186333,0.0015735728666186333,0.00013945283717475832,0.03434953838586807,0.0009284648695029318,0.0009284648695029318,60.321782178217816,60.321782178217816,61.66666666666667,61.66666666666667,3.1264591217041016,3.1264591217041016
26,0.0002295043523190543,0.07346216589212418,0.0019513062434270978,0.0019513062434270978,0.00014115670637693256,0.03471233323216438,0.0009383867727592587,0.0009383867727592587,60.321782178217816,60.321782178217816,61.66666666666667,61.66666666666667,3.2708821296691895,3.2708821296691895
27,0.00012329647142905742,0.056406181305646896,0.0014718027086928487,0.0014718027086928487,0.00011020298552466556,0.02463344857096672,0.0006709377630613744,0.0006709377630613744,61.163366336633665,61.163366336633665,63.33333333333334,63.33333333333334,2.992608070373535,2.992608070373535
28,0.00010420021862955764,0.05015857517719269,0.0013060645433142781,0.0013060645433142781,0.0001016338137560524,0.02313341572880745,0.0006291524041444063,0.0006291524041444063,70.84158415841584,70.84158415841584,73.33333333333333,73.33333333333333,2.5520269870758057,2.5520269870758057
29,0.00010231361375190318,0.04768542945384979,0.0012432924704626203,0.0012432924704626203,0.00011577831173781306,0.026349786669015884,0.0007166339200921357,0.0007166339200921357,75.33003300330033,75.33003300330033,76.66666666666667,76.66666666666667,2.6621336936950684,2.6621336936950684
30,0.00010934679448837414,0.0470588356256485,0.001231144298799336,0.001231144298799336,0.00011417834321036935,0.026453105732798576,0.0007184167625382543,0.0007184167625382543,73.26732673267327,73.26732673267327,73.33333333333331,73.33333333333331,2.6319997310638428,2.6319997310638428
31,9.739896631799638e-05,0.04519030451774597,0.0011784570524469018,0.0011784570524469018,0.0001301058946410194,0.02616831474006176,0.0007192607736214995,0.0007192607736214995,76.73267326732673,76.73267326732673,78.33333333333333,78.33333333333333,2.532362222671509,2.532362222671509
32,0.00016200482787098736,0.05328876152634621,0.0014132214710116386,0.0014132214710116386,0.00010422637569718063,0.02586279809474945,0.0006986831431277096,0.0006986831431277096,71.36138613861385,71.36138613861385,73.33333333333333,73.33333333333333,2.6117639541625977,2.6117639541625977
33,0.0001389995450153947,0.047441158443689346,0.0012555288849398494,0.0012555288849398494,9.869207860901952e-05,0.021670373156666756,0.0005911053158342838,0.0005911053158342838,72.2029702970297,65.47029702970298,73.33333333333333,66.66666666666667,2.721062660217285,2.7415380477905273
34,0.0001176488003693521,0.04877831041812897,0.001278282143175602,0.001278282143175602,0.00011627994535956532,0.022814488038420677,0.0006285021081566811,0.0006285021081566811,67.47524752475248,67.47524752475248,70.0,70.0,2.7269067764282227,2.7269067764282227
35,8.732444985071197e-05,0.039024848490953445,0.001019283547066152,0.001019283547066152,0.00014544195437338203,0.026897232979536057,0.0007451517740264535,0.0007451517740264535,79.25742574257426,79.25742574257426,80.0,80.0,2.388796806335449,2.388796806335449
36,0.0006698979414068162,0.12602193653583527,0.00348549778573215,0.00348549778573215,0.0003926967328879982,0.03750547766685486,0.0011339853517711163,0.0011339853517711163,29.876237623762375,2.103960396039604,35.0,5.0,8.493598937988281,8.549579620361328
37,0.0002008429291890934,0.0627635046839714,0.0016695093363523483,0.0016695093363523483,0.0004396766016725451,0.04457903653383255,0.0013343144673854113,0.0013343144673854113,64.10891089108911,64.10891089108911,65.0,65.0,3.1102359294891357,3.1102359294891357
38,0.00015333986084442586,0.05385379493236542,0.0014230147935450077,0.0014230147935450077,0.00013436887820716947,0.029802201315760612,0.0008122394210658967,0.0008122394210658967,66.21287128712872,66.21287128712872,68.33333333333333,68.33333333333333,2.7769880294799805,2.7769880294799805
39,0.00021510676015168428,0.07238474488258362,0.0019171721069142222,0.0019171721069142222,0.00012838392285630107,0.02812766842544079,0.0007673836662434042,0.0007673836662434042,69.25742574257426,69.25742574257426,71.66666666666667,71.66666666666667,2.738999605178833,2.738999605178833
40,0.00013120703806634992,0.06207241117954254,0.0016174135962501168,0.0016174135962501168,0.00011438567889854312,0.024163706228137016,0.0006612854776903987,0.0006612854776903987,53.16831683168317,53.16831683168317,55.00000000000001,55.00000000000001,3.254617214202881,3.254617214202881
41,0.0001319253206020221,0.0653090551495552,0.0016986890695989132,0.0016986890695989132,0.0002258204622194171,0.03379783406853676,0.0009578561293892562,0.0009578561293892562,67.55775577557756,67.55775577557756,70.0,70.0,3.089292526245117,3.089292526245117
42,0.000128903440781869,0.05847864970564842,0.0015264180256053805,0.0015264180256053805,0.0001365571515634656,0.026612592861056328,0.0007335933623835444,0.0007335933623835444,66.63366336633663,66.63366336633663,68.33333333333333,68.33333333333333,2.9424335956573486,2.9424335956573486
43,8.525404700776562e-05,0.04373471438884735,0.0011359949130564928,0.0011359949130564928,0.0001142485998570919,0.022303393110632896,0.0006147091626189649,0.0006147091626189649,74.90924092409242,74.90924092409242,76.66666666666667,76.66666666666667,2.6484105587005615,2.6484105587005615
44,0.00014146696776151657,0.0515068881213665,0.0013584056869149208,0.0013584056869149208,0.0001263812300749123,0.02138066664338112,0.0005977073451504111,0.0005977073451504111,69.37293729372938,69.37293729372938,73.33333333333334,73.33333333333334,2.9547343254089355,2.9547343254089355
45,0.00027643193607218564,0.09815987199544907,0.0025922127533704042,0.0025922127533704042,0.00012365527800284326,0.02250073105096817,0.0006243459647521377,0.0006243459647521377,54.15016501650166,54.15016501650166,58.33333333333333,58.33333333333333,3.6857457160949707,3.6857457160949707
46,0.00011025831190636382,0.05247252807021141,0.0013669423060491681,0.0013669423060491681,0.00012116407015128061,0.022420281544327736,0.0006210890715010464,0.0006210890715010464,64.95049504950495,64.95049504950495,68.33333333333333,68.33333333333333,2.8429834842681885,2.8429834842681885
47,0.00012285490811336786,0.04663025215268135,0.0012271838495507836,0.0012271838495507836,9.109021630138159e-05,0.019702695310115814,0.000538112479262054,0.000538112479262054,74.34818481848185,74.34818481848185,75.0,75.0,2.6743662357330322,2.6743662357330322
48,0.00014459223893936723,0.04861587658524513,0.0012876931577920914,0.0012876931577920914,0.00011917854135390371,0.023689934983849525,0.0006518375594168901,0.0006518375594168901,69.15841584158416,69.15841584158416,70.0,70.0,2.822725772857666,2.822725772857666
49,8.795474423095584e-05,0.03571412339806557,0.0009368304163217545,0.0009368304163217545,0.00012619089102372527,0.021276339888572693,0.0005950038903392851,0.0005950038903392851,83.36633663366337,83.36633663366337,83.33333333333333,83.33333333333333,2.249373197555542,2.249373197555542
50,9.254751057596877e-05,0.03718619793653488,0.0009759287349879742,0.0009759287349879742,9.935508569469675e-05,0.022932590916752815,0.000622992345597595,0.000622992345597595,81.37788778877886,81.37788778877886,83.33333333333334,83.33333333333334,2.2292299270629883,2.2292299270629883
51,0.00010530996951274574,0.05961115285754204,0.001542933750897646,0.001542933750897646,7.851776172174141e-05,0.01721329800784588,0.0004695912648458034,0.0004695912648458034,71.08085808580859,71.08085808580859,73.33333333333333,73.33333333333333,2.7096643447875977,2.7096643447875977
52,0.0001062090159393847,0.045041605830192566,0.0011791448341682553,0.0011791448341682553,0.00012153684656368569,0.017955591902136803,0.0005096581880934536,0.0005096581880934536,71.16336633663366,71.16336633663366,71.66666666666666,71.66666666666666,2.6529221534729004,2.6529221534729004
53,0.00011888957669725642,0.05264568701386452,0.0013755870750173926,0.0013755870750173926,9.166386735159904e-05,0.018343571573495865,0.000504421244841069,0.000504421244841069,66.3943894389439,66.3943894389439,70.0,70.0,2.748415946960449,2.748415946960449
54,8.401858940487728e-05,0.03482941538095474,0.0009127447265200317,0.0009127447265200317,8.732700371183455e-05,0.018794601783156395,0.0005135285318829119,0.0005135285318829119,84.62871287128712,84.62871287128712,86.66666666666669,86.66666666666669,2.026904582977295,2.026904582977295
55,7.1604699769523e-05,0.03495592623949051,0.0009097005240619183,0.0009097005240619183,7.79544934630394e-05,0.01786314882338047,0.000485555938212201,0.000485555938212201,81.02970297029702,81.02970297029702,83.33333333333333,83.33333333333333,2.2944729328155518,2.2944729328155518
56,7.534369797213003e-05,0.02764899469912052,0.0007288968190550804,0.0007288968190550804,7.308675412787125e-05,0.015660591423511505,0.00042805817793123424,0.00042805817793123424,79.9009900990099,79.9009900990099,80.0,80.0,2.2932748794555664,2.2932748794555664
57,7.48298698454164e-05,0.04010359197854996,0.0010400047758594155,0.0010400047758594155,7.835309952497482e-05,0.01489364355802536,0.0004115176561754197,0.0004115176561754197,77.19471947194721,77.19471947194721,80.0,80.0,2.320478916168213,2.320478916168213
58,7.995102350832894e-05,0.03716706484556198,0.0009691521991044283,0.0009691521991044283,7.94695079093799e-05,0.0183644350618124,0.0004988457076251507,0.0004988457076251507,82.07095709570956,82.07095709570956,85.0,85.0,2.0570623874664307,2.0570623874664307
59,9.846303146332502e-05,0.027095511555671692,0.0007266192696988583,0.0007266192696988583,7.416572043439373e-05,0.01673365756869316,0.0004554242768790573,0.0004554242768790573,86.63366336633663,86.63366336633663,86.66666666666669,86.66666666666669,2.1724209785461426,2.1724209785461426
60,0.0004617767408490181,0.12715253233909607,0.003409701632335782,0.003409701632335782,0.00018078979337587953,0.027694230899214745,0.0007827506633475423,0.0007827506633475423,53.26732673267327,44.34323432343235,55.00000000000001,46.666666666666664,5.518547058105469,3.422877788543701
61,0.0002036376390606165,0.06130719184875488,0.0016344987088814378,0.0016344987088814378,0.0007760262815281749,0.06385184079408646,0.001984309172257781,0.001984309172257781,63.133663366336634,52.8052805280528,66.66666666666667,56.666666666666664,2.8403425216674805,2.745941400527954
62,0.00012970402895007282,0.045166242867708206,0.0011940080439671874,0.0011940080439671874,0.0003001549921464175,0.03381836786866188,0.0009955366840586066,0.0009955366840586066,67.15346534653466,67.15346534653466,70.0,70.0,2.5327367782592773,2.5327367782592773
63,0.00010186386498389766,0.04477493464946747,0.0011703053023666143,0.0011703053023666143,9.697092900751159e-05,0.01963859610259533,0.00053945038234815,0.00053945038234815,73.36633663366337,73.36633663366337,75.0,75.0,2.7306947708129883,2.7306947708129883
64,8.538857946405187e-05,0.04396539926528931,0.0011418291833251715,0.0011418291833251715,8.962635911302641e-05,0.017104744911193848,0.0004724317986983806,0.0004724317986983806,76.74917491749174,76.74917491749174,78.33333333333334,78.33333333333334,2.7141714096069336,2.7141714096069336
65,7.246933819260448e-05,0.029398344457149506,0.0007711932994425297,0.0007711932994425297,7.448363612638786e-05,0.016968775540590286,0.00046146122622303665,0.00046146122622303665,82.83828382838283,82.83828382838283,85.0,85.0,2.220470428466797,2.220470428466797
66,7.241921412060037e-05,0.04249882698059082,0.0010986803099513054,0.0010986803099513054,6.465386104537174e-05,0.01571766287088394,0.00042526848847046494,0.00042526848847046494,74.3069306930693,74.3069306930693,76.66666666666666,76.66666666666666,2.471052408218384,2.471052408218384
67,8.0861609603744e-05,0.03834929317235947,0.0009991631377488375,0.0009991631377488375,7.773589459247887e-05,0.01697523705661297,0.0004632488708011806,0.0004632488708011806,73.60561056105611,73.60561056105611,76.66666666666667,76.66666666666667,2.5720407962799072,2.5720407962799072
68,0.00011491936311358586,0.04137095436453819,0.0010917334584519267,0.0010917334584519267,7.03577752574347e-05,0.013884962536394596,0.00038230294012464583,0.00038230294012464583,77.75577557755776,77.75577557755776,80.0,80.0,2.380706310272217,2.380706310272217
69,0.0004990343586541712,0.052834440022706985,0.0015703780809417367,0.0015703780809417367,0.0001622672425583005,0.026949044317007065,0.0007548597641289234,0.0007548597641289234,71.16336633663366,61.06435643564356,73.33333333333334,63.33333333333334,2.590146780014038,2.560314893722534
70,0.00027497633709572256,0.07155770808458328,0.001926430850289762,0.001926430850289762,0.00016505813982803375,0.02452542819082737,0.0006956648430787027,0.0006956648430787027,69.08415841584159,69.08415841584159,73.33333333333333,73.33333333333333,2.9219846725463867,2.9219846725463867
71,8.232164691435173e-05,0.042220812290906906,0.0010966809932142496,0.0010966809932142496,0.00010331972589483485,0.022295646369457245,0.0006090510869398713,0.0006090510869398713,75.37128712871286,75.37128712871286,78.33333333333333,78.33333333333333,2.6199471950531006,2.6199471950531006
72,0.00012232908920850605,0.04657358303666115,0.0012255040928721428,0.0012255040928721428,0.0001882405485957861,0.021863991394639015,0.0006407200708054006,0.0006407200708054006,76.17161716171617,76.17161716171617,78.33333333333334,78.33333333333334,2.5947415828704834,2.5947415828704834
73,7.673825894016773e-05,0.04021988436579704,0.0010438661556690931,0.0010438661556690931,6.920675514265895e-05,0.014347422868013382,0.00039328893763013184,0.00039328893763013184,79.48844884488449,79.48844884488449,83.33333333333334,83.33333333333334,2.389681100845337,2.389681100845337
74,9.495605627307668e-05,0.046823885291814804,0.0012180752819404006,0.0012180752819404006,6.006429248373024e-05,0.015154019929468632,0.0004088826244696975,0.0004088826244696975,70.0,70.0,71.66666666666667,71.66666666666667,2.612483024597168,2.612483024597168
75,0.00011597153934417292,0.04680074751377106,0.0012280043447390199,0.0012280043447390199,6.98629446560517e-05,0.014623652212321758,0.0004005227820016444,0.0004005227820016444,74.45544554455445,74.45544554455445,78.33333333333334,78.33333333333334,2.669187307357788,2.669187307357788
76,9.104023774852976e-05,0.050265561789274216,0.0013021590420976281,0.0013021590420976281,6.59957222524099e-05,0.015104137361049652,0.00041060129296965897,0.00041060129296965897,65.96534653465346,65.96534653465346,70.0,70.0,2.7260687351226807,2.7260687351226807
77,0.00013813326950185,0.0502849780023098,0.0013261911226436496,0.0013261911226436496,8.146703476086259e-05,0.01634342223405838,0.00044931904994882643,0.00044931904994882643,73.86138613861387,73.86138613861387,78.33333333333334,78.33333333333334,2.6477720737457275,2.6477720737457275
78,0.00010670712072169408,0.0437890850007534,0.001148080569691956,0.001148080569691956,6.0223803302505985e-05,0.01574086956679821,0.0004236336681060493,0.0004236336681060493,78.77062706270627,78.77062706270627,81.66666666666667,81.66666666666667,2.5172622203826904,2.5172622203826904
79,7.572556933155283e-05,0.037622787058353424,0.000978432479314506,0.000978432479314506,0.00010889652912737802,0.018365411087870598,0.0005135835381224751,0.0005135835381224751,76.31188118811882,76.31188118811882,78.33333333333334,78.33333333333334,2.422037363052368,2.422037363052368
80,7.500958599848673e-05,0.03772113099694252,0.0009805330773815513,0.0009805330773815513,5.4212687246035784e-05,0.014729585498571396,0.0003953459672629833,0.0003953459672629833,82.54125412541255,82.54125412541255,85.00000000000001,85.00000000000001,2.3041155338287354,2.3041155338287354
81,6.909327930770814e-05,0.034144360572099686,0.0008881555986590683,0.0008881555986590683,5.4722404456697404e-05,0.012505991384387016,0.0003400109999347478,0.0003400109999347478,80.54455445544555,80.54455445544555,85.0,85.0,2.321906089782715,2.321906089782715
82,0.00012154343858128414,0.0543980598449707,0.0014207232743501663,0.0014207232743501663,8.399439684581012e-05,0.016554852947592735,0.0004558685759548098,0.0004558685759548098,71.02310231023102,71.02310231023102,73.33333333333334,73.33333333333334,2.615689992904663,2.615689992904663
83,9.295790368923917e-05,0.03482039272785187,0.0009169888217002153,0.0009169888217002153,8.783597149886191e-05,0.0166592039167881,0.00046039806329645216,0.00046039806329645216,76.33663366336634,76.33663366336634,80.0,80.0,2.3378825187683105,2.3378825187683105
84,8.459697710350156e-05,0.03537200391292572,0.0009265986154787242,0.0009265986154787242,7.055176683934405e-05,0.0170480664819479,0.00046147758257575333,0.00046147758257575333,80.6980198019802,80.6980198019802,83.33333333333333,83.33333333333333,2.41652774810791,2.41652774810791
85,0.00010802411270560697,0.029946772381663322,0.0008026813738979399,0.0008026813738979399,5.392423190642148e-05,0.013269237242639065,0.00035869303974322975,0.00035869303974322975,84.99009900990099,84.99009900990099,88.33333333333331,88.33333333333331,2.076723098754883,2.076723098754883
86,7.995805935934186e-05,0.03471381962299347,0.0009078244329430163,0.0009078244329430163,5.511722338269465e-05,0.01209678128361702,0.0003299781819805503,0.0003299781819805503,81.2178217821782,81.2178217821782,83.33333333333333,83.33333333333333,2.035020112991333,2.035020112991333
87,7.94258012319915e-05,0.035560715943574905,0.0009287307038903236,0.0009287307038903236,9.187631076201797e-05,0.016209261491894722,0.0004511697043199092,0.0004511697043199092,79.11386138613861,79.11386138613861,81.66666666666667,81.66666666666667,2.3688178062438965,2.3688178062438965
88,0.00011425558477640152,0.04083118960261345,0.0010779075091704726,0.0010779075091704726,6.946708163013682e-05,0.014581868425011635,0.00039928025216795504,0.00039928025216795504,76.74917491749174,76.74917491749174,78.33333333333334,78.33333333333334,2.5093531608581543,2.5093531608581543
89,8.92437165020965e-05,0.03982137516140938,0.0010401563486084342,0.0010401563486084342,7.272510265465826e-05,0.014405129477381706,0.0003964907955378294,0.0003964907955378294,72.1039603960396,72.1039603960396,73.33333333333333,73.33333333333333,2.541529655456543,2.541529655456543
90,6.526405195472762e-05,0.03686169907450676,0.0009541744366288185,0.0009541744366288185,7.018648466328159e-05,0.014405405148863792,0.0003952283877879381,0.0003952283877879381,79.78382838283828,79.78382838283828,81.66666666666667,81.66666666666667,2.375850200653076,2.375850200653076
91,0.00013666828454006463,0.06083586439490318,0.001589230727404356,0.001589230727404356,5.7227043726015836e-05,0.013435888104140759,0.0003645107208285481,0.0003645107208285481,62.524752475247524,50.0,65.0,53.33333333333334,2.978733777999878,2.888805627822876
92,0.00021341351384762675,0.09419435262680054,0.0024615656584501266,0.0024615656584501266,0.00010354364349041134,0.02720671333372593,0.0007319396827369928,0.0007319396827369928,41.96369636963696,43.46534653465346,49.999999999999986,44.99999999999999,4.273125648498535,3.1745262145996094
93,0.00010377943544881418,0.05057482421398163,0.001316260197199881,0.001316260197199881,7.524988905061036e-05,0.016447551548480988,0.00044881372014060616,0.00044881372014060616,72.84653465346534,72.84653465346534,75.00000000000001,75.00000000000001,2.5850725173950195,2.5850725173950195
94,8.483541751047596e-05,0.03829249367117882,0.0009997300803661346,0.0009997300803661346,6.505454075522721e-05,0.013881830498576164,0.0003795730590354651,0.0003795730590354651,82.1039603960396,82.1039603960396,83.33333333333333,83.33333333333333,2.3050057888031006,2.3050057888031006
95,7.699596608290449e-05,0.041965093463659286,0.001087625278159976,0.001087625278159976,7.999143417691812e-05,0.01695781759917736,0.00046394122182391584,0.00046394122182391584,77.29372937293729,77.29372937293729,78.33333333333334,78.33333333333334,2.6846303939819336,2.6846303939819336
96,9.356551890959963e-05,0.049266230314970016,0.0012784387217834592,0.0012784387217834592,7.167638977989554e-05,0.013568039983510971,0.0003750392352230847,0.0003750392352230847,72.87953795379538,72.87953795379538,76.66666666666667,76.66666666666667,2.5850212574005127,2.5850212574005127
97,6.753797788405791e-05,0.03494744747877121,0.0009074551635421813,0.0009074551635421813,4.771398744196631e-05,0.010843269526958466,0.00029493877082131803,0.00029493877082131803,80.94059405940595,80.94059405940595,81.66666666666667,81.66666666666667,2.3031845092773438,2.3031845092773438
98,5.8374669606564566e-05,0.03782397881150246,0.0009747867588885128,0.0009747867588885128,5.196536221774295e-05,0.012280312366783619,0.0003329905739519745,0.0003329905739519745,81.02970297029702,81.02970297029702,83.33333333333333,83.33333333333333,2.277728319168091,2.277728319168091
99,9.41855541896075e-05,0.04928630590438843,0.0012792504858225584,0.0012792504858225584,5.426177449407987e-05,0.012146539054811,0.00033079434069804847,0.00033079434069804847,75.47854785478548,75.47854785478548,78.33333333333334,78.33333333333334,2.602123737335205,2.602123737335205
100,8.053445344557986e-05,0.046155959367752075,0.0011941661359742284,0.0011941661359742284,5.609366417047568e-05,0.011402321048080921,0.00031310482881963253,0.00031310482881963253,72.07095709570957,72.07095709570957,75.0,75.0,2.642768383026123,2.642768383026123
101,0.00011295777949271724,0.05165379121899605,0.0013478236505761743,0.0013478236505761743,5.692208287655376e-05,0.01189234759658575,0.0003257697098888457,0.0003257697098888457,73.08580858085809,73.08580858085809,76.66666666666667,76.66666666666667,2.5137319564819336,2.5137319564819336
102,8.27477197162807e-05,0.03275635465979576,0.0008602826856076717,0.0008602826856076717,5.5716896895319223e-05,0.012278193607926369,0.0003348132304381579,0.0003348132304381579,82.97854785478546,82.97854785478546,85.0,85.0,2.048616647720337,2.048616647720337
103,6.203137309057638e-05,0.03413659334182739,0.0008844304829835892,0.0008844304829835892,4.665995220420882e-05,0.010710162110626698,0.00029108402668498456,0.00029108402668498456,81.15511551155116,81.15511551155116,83.33333333333333,83.33333333333333,2.1714069843292236,2.1714069843292236
104,6.900094012962654e-05,0.037643563002347946,0.0009755895589478314,0.0009755895589478314,6.531178223667666e-05,0.012504086829721928,0.0003452580713201314,0.0003452580713201314,73.07920792079207,73.07920792079207,76.66666666666667,76.66666666666667,2.3643035888671875,2.3643035888671875
105,7.488742267014459e-05,0.042656417936086655,0.0011038541560992599,0.0011038541560992599,4.8389203584520146e-05,0.010710827074944973,0.0002919653197750449,0.0002919653197750449,76.36963696369637,76.36963696369637,81.66666666666667,81.66666666666667,2.2739264965057373,2.2739264965057373
106,7.433973223669454e-05,0.038192540407180786,0.000991983455605805,0.000991983455605805,4.6960965846665204e-05,0.010038959793746471,0.00027445441810414195,0.00027445441810414195,76.73267326732673,76.73267326732673,78.33333333333333,78.33333333333333,2.385110855102539,2.385110855102539
107,7.249257760122418e-05,0.044758737087249756,0.0011552147334441543,0.0011552147334441543,4.251181962899864e-05,0.010288117453455925,0.00027845881413668394,0.00027845881413668394,74.20792079207921,74.20792079207921,76.66666666666667,76.66666666666667,2.53131365776062,2.53131365776062
108,0.00012694481119979173,0.07341646403074265,0.00189888384193182,0.00189888384193182,7.136254862416536e-05,0.017750971019268036,0.00047945554251782596,0.00047945554251782596,58.96039603960396,58.96039603960396,61.66666666666667,61.66666666666667,3.6347601413726807,3.6347601413726807
109,0.00013092203880660236,0.048528868705034256,0.0012786828447133303,0.0012786828447133303,7.710348290856928e-05,0.014174181036651134,0.00039290630957111716,0.00039290630957111716,70.42079207920791,70.42079207920791,73.33333333333333,73.33333333333333,2.6876113414764404,2.6876113414764404
110,6.944689812371507e-05,0.033418286591768265,0.0008701807237230241,0.0008701807237230241,4.9780534027377144e-05,0.012104618363082409,0.0003275057242717594,0.0003275057242717594,85.51155115511551,85.51155115511551,86.66666666666666,86.66666666666666,2.182813882827759,2.182813882827759
111,9.40839818213135e-05,0.060059402137994766,0.001548526925034821,0.001548526925034821,4.6022076276130974e-05,0.011945554986596107,0.00032164991716854274,0.00032164991716854274,62.66501650165017,62.66501650165017,64.99999999999999,64.99999999999999,3.0817041397094727,3.0817041397094727
112,7.539207581430674e-05,0.045180708169937134,0.0011672138934955,0.0011672138934955,4.364040069049224e-05,0.010341417044401169,0.00028035565628670156,0.00028035565628670156,70.28052805280528,70.28052805280528,73.33333333333334,73.33333333333334,2.5543246269226074,2.5543246269226074
113,0.00018744850240182132,0.04239392653107643,0.0011535724624991417,0.0011535724624991417,0.00012021116708638147,0.013230548240244389,0.00039086933247745037,0.00039086933247745037,75.89108910891089,70.84158415841584,76.66666666666666,71.66666666666666,2.406336545944214,2.3445634841918945
114,0.00016038464673329145,0.056570861488580704,0.0014944638824090362,0.0014944638824090362,0.0002173924003727734,0.02330775186419487,0.0006913900724612176,0.0006913900724612176,66.07260726072607,66.07260726072607,68.33333333333333,68.33333333333333,2.9645402431488037,2.9645402431488037
115,0.00023311463883146644,0.050313178449869156,0.0013743867166340351,0.0013743867166340351,0.00047959928633645177,0.04016214236617088,0.001243853010237217,0.001243853010237217,71.53960396039604,60.28052805280527,73.33333333333333,63.33333333333333,2.334129810333252,2.4290874004364014
116,9.141271584667265e-05,0.04471588134765625,0.0011636035051196814,0.0011636035051196814,0.00033990005613304675,0.037509020417928696,0.0011076756054535508,0.0011076756054535508,73.06600660066007,73.06600660066007,76.66666666666667,76.66666666666667,2.7354848384857178,2.7354848384857178
117,6.696837226627395e-05,0.03320024162530899,0.0008634902187623084,0.0008634902187623084,9.548995149089023e-05,0.02469467930495739,0.0006651118164882064,0.0006651118164882064,84.33003300330033,84.33003300330033,86.66666666666669,86.66666666666669,2.0913004875183105,2.0913004875183105
118,4.571584577206522e-05,0.025962522253394127,0.0006719210068695247,0.0006719210068695247,7.144755363697186e-05,0.014425654895603657,0.0003963651251979172,0.0003963651251979172,84.9059405940594,84.9059405940594,86.66666666666666,86.66666666666666,1.8423428535461426,1.8423428535461426
119,0.0001371223188471049,0.05203692615032196,0.0013694842346012592,0.0013694842346012592,7.293923408724368e-05,0.014196011237800121,0.00039136988925747573,0.00039136988925747573,67.55775577557756,68.96039603960395,70.0,70.0,2.929257392883301,2.732067346572876
120,5.313691872288473e-05,0.02514718659222126,0.000655248062685132,0.000655248062685132,5.349473940441385e-05,0.0109725221991539,0.00030106035410426557,0.00030106035410426557,90.27722772277227,90.27722772277227,91.66666666666666,91.66666666666666,1.7685611248016357,1.7685611248016357
121,6.074936027289368e-05,0.03653137758374214,0.0009436592808924615,0.0009436592808924615,6.549859244842082e-05,0.013811341486871243,0.0003780328552238643,0.0003780328552238643,73.03465346534654,73.03465346534654,75.00000000000001,75.00000000000001,2.2705190181732178,2.2705190181732178
122,6.388915062416345e-05,0.029282182455062866,0.0007639991235919297,0.0007639991235919297,4.322705717640929e-05,0.010905283503234386,0.00029424557578749955,0.00029424557578749955,84.99009900990099,84.99009900990099,88.33333333333331,88.33333333333331,1.9203022718429565,1.9203022718429565
123,6.287928408710286e-05,0.036299388855695724,0.0009389244369231164,0.0009389244369231164,4.231258571962826e-05,0.011672780849039555,0.00031297581153921783,0.00031297581153921783,79.62376237623762,79.62376237623762,81.66666666666667,81.66666666666667,2.2904675006866455,2.2904675006866455
124,6.755856884410605e-05,0.040108729153871536,0.0010364975314587355,0.0010364975314587355,5.227057044976391e-05,0.012018999084830284,0.00032661028672009706,0.00032661028672009706,77.94059405940594,77.94059405940594,80.0,80.0,2.497401714324951,2.497401714324951
125,5.386295379139483e-05,0.028341667726635933,0.0007354732952080667,0.0007354732952080667,3.6988720239605755e-05,0.009948153980076313,0.0002671981928870082,0.0002671981928870082,86.40099009900992,86.40099009900992,88.33333333333331,88.33333333333331,2.030123472213745,2.030123472213745
126,5.423447510111146e-05,0.029723823070526123,0.0007702128496021032,0.0007702128496021032,3.995523366029374e-05,0.009509291499853134,0.0002577099367044866,0.0002577099367044866,82.80198019801979,82.80198019801979,85.0,85.0,2.1289448738098145,2.1289448738098145
127,0.00027910384233109653,0.05624657869338989,0.001545716542750597,0.001545716542750597,0.00023628877534065396,0.019480718299746513,0.0006051623495295644,0.0006051623495295644,53.14851485148514,59.33993399339933,63.33333333333333,61.66666666666666,3.8517024517059326,2.8197600841522217
128,7.948515849420801e-05,0.03634338453412056,0.0009483271860517561,0.0009483271860517561,0.00010952204320346937,0.016382021829485893,0.00046431159717030823,0.00046431159717030823,78.97689768976898,78.97689768976898,81.66666666666667,81.66666666666667,2.291775703430176,2.291775703430176
129,9.013697854243219e-05,0.028532586991786957,0.0007583831320516765,0.0007583831320516765,5.936113666393794e-05,0.0144776226952672,0.0003916211426258087,0.0003916211426258087,84.34818481848185,84.34818481848185,86.66666666666669,86.66666666666669,2.0764594078063965,2.0764594078063965
130,6.635236059082672e-05,0.02799324505031109,0.0007330072694458067,0.0007330072694458067,4.657405224861577e-05,0.011175357736647129,0.0003026709600817412,0.0003026709600817412,82.94554455445544,82.94554455445544,83.33333333333334,83.33333333333334,2.070187568664551,2.070187568664551
131,5.17443404532969e-05,0.030235283076763153,0.0007817542064003646,0.0007817542064003646,4.04534803237766e-05,0.010865832678973675,0.00029187253676354885,0.00029187253676354885,78.59405940594058,78.59405940594058,81.66666666666667,81.66666666666667,2.1383533477783203,2.1383533477783203
132,4.7830315452301875e-05,0.02705100178718567,0.0007001902558840811,0.0007001902558840811,3.918230868293904e-05,0.010335336439311504,0.0002779745846055448,0.0002779745846055448,84.9059405940594,84.9059405940594,86.66666666666666,86.66666666666666,1.9730095863342285,1.9730095863342285
133,5.303615762386471e-05,0.02990780957043171,0.000774213345721364,0.000774213345721364,3.443565947236493e-05,0.00824025645852089,0.0002232242259196937,0.0002232242259196937,82.94554455445544,82.94554455445544,85.00000000000001,85.00000000000001,2.130694627761841,2.130694627761841
134,7.803485641488805e-05,0.03648488596081734,0.0009511395473964512,0.0009511395473964512,8.086888556135818e-05,0.012745262123644352,0.0003590660053305328,0.0003590660053305328,79.75247524752476,79.75247524752476,81.66666666666667,81.66666666666667,2.1572086811065674,2.1572086811065674
135,7.434072904288769e-05,0.027479074895381927,0.0007241472485475242,0.0007241472485475242,4.472076761885546e-05,0.009842575527727604,0.00026842477382160723,0.00026842477382160723,86.58910891089108,86.58910891089108,88.33333333333331,88.33333333333331,1.8243402242660522,1.8243402242660522
136,6.366739398799837e-05,0.03282048925757408,0.0008523461292497814,0.0008523461292497814,3.816823664237745e-05,0.009711753576993942,0.00026187795447185636,0.00026187795447185636,85.70132013201321,85.70132013201321,88.33333333333334,88.33333333333334,2.030518054962158,2.030518054962158
137,0.0002675377472769469,0.07360051572322845,0.001973781967535615,0.001973781967535615,0.0001321982272202149,0.015408659353852272,0.00045131557271815836,0.00045131557271815836,61.68316831683168,44.27062706270627,63.33333333333333,46.666666666666664,3.18593168258667,3.143075466156006
138,0.00012876275286544114,0.0472254641354084,0.001245018094778061,0.001245018094778061,0.00014398462371900678,0.020815493538975716,0.0005923795979470015,0.0005923795979470015,77.47524752475248,77.47524752475248,78.33333333333333,78.33333333333333,2.5085208415985107,2.5085208415985107
139,9.610424604034051e-05,0.040641553699970245,0.0010640909895300865,0.0010640909895300865,6.574059079866856e-05,0.01482250727713108,0.0004034329322166741,0.0004034329322166741,72.2029702970297,72.2029702970297,74.99999999999999,74.99999999999999,2.410036325454712,2.410036325454712
140,6.702567770844325e-05,0.024485766887664795,0.0006456570117734373,0.0006456570117734373,4.7949837608030066e-05,0.010545875877141953,0.0002876218350138515,0.0002876218350138515,85.98019801980199,85.98019801980199,88.33333333333334,88.33333333333334,1.9781112670898438,1.9781112670898438
141,8.410520240431651e-05,0.03794848918914795,0.0009907648200169206,0.0009907648200169206,5.0231457862537354e-05,0.009950594045221806,0.0002738805487751961,0.0002738805487751961,71.96039603960396,71.96039603960396,75.0,75.0,2.4705402851104736,2.4705402851104736
142,8.038870873861015e-05,0.03872140869498253,0.0010082295630127192,0.0010082295630127192,4.628867463907227e-05,0.008916372433304787,0.00024605364887975156,0.00024605364887975156,73.64686468646865,73.64686468646865,76.66666666666666,76.66666666666666,2.421626091003418,2.421626091003418
143,8.369108400074765e-05,0.04319249466061592,0.0011216579005122185,0.0011216579005122185,3.9240192563738674e-05,0.0104625653475523,0.0002811842714436352,0.0002811842714436352,73.78712871287128,73.78712871287128,76.66666666666667,76.66666666666667,2.4290292263031006,2.4290292263031006
144,0.00010183637641603127,0.05214080214500427,0.001354438136331737,0.001354438136331737,3.9414866478182375e-05,0.009633248671889305,0.00026053868350572884,0.00026053868350572884,69.76072607260726,69.76072607260726,73.33333333333334,73.33333333333334,2.630099296569824,2.630099296569824
145,5.0535163609310985e-05,0.025996945798397064,0.0006751912296749651,0.0006751912296749651,3.572823334252462e-05,0.010391497053205967,0.00027765153208747506,0.00027765153208747506,85.13861386138615,85.13861386138615,86.66666666666666,86.66666666666666,1.9346842765808105,1.9346842765808105
146,5.941962081124075e-05,0.02937723696231842,0.000764140801038593,0.000764140801038593,4.147313302382827e-05,0.009187236428260803,0.00025041744811460376,0.00025041744811460376,85.48679867986799,85.48679867986799,86.66666666666669,86.66666666666669,1.9505151510238647,1.9505151510238647
147,7.378243026323617e-05,0.03084024228155613,0.0008078973623923957,0.0008078973623923957,4.1933955799322575e-05,0.009304463863372803,0.00025357858976349235,0.00025357858976349235,84.20792079207921,84.20792079207921,85.0,85.0,2.1390581130981445,2.1390581130981445
148,0.0003358357644174248,0.06013236939907074,0.0016712272772565484,0.0016712272772565484,3.229788489989005e-05,0.00864039734005928,0.0002321588690392673,0.0002321588690392673,66.95544554455446,66.95544554455446,70.0,70.0,3.486462116241455,3.486462116241455
149,0.00010710271453717723,0.04394121095538139,0.0011520815314725041,0.0011520815314725041,9.448140917811543e-05,0.012903690338134766,0.0003698329674080014,0.0003698329674080014,78.17656765676568,78.17656765676568,80.0,80.0,2.3988490104675293,2.3988490104675293
150,7.348416693275794e-05,0.026775019243359566,0.0007061176002025604,0.0007061176002025604,5.652391701005399e-05,0.012685094028711319,0.0003453893295954913,0.0003453893295954913,88.5049504950495,88.5049504950495,90.0,90.0,1.788196325302124,1.788196325302124
151,6.860458961455151e-05,0.0319802463054657,0.0008338084444403648,0.0008338084444403648,4.77259345643688e-05,0.012179834768176079,0.0003283588739577681,0.0003283588739577681,82.29207920792079,82.29207920792079,83.33333333333333,83.33333333333333,2.1628432273864746,2.1628432273864746
152,5.494444849318825e-05,0.03317517787218094,0.0008568516350351274,0.0008568516350351274,5.196455094846897e-05,0.01319485530257225,0.0003558536118362099,0.0003558536118362099,82.1039603960396,82.1039603960396,83.33333333333333,83.33333333333333,2.209824562072754,2.209824562072754
153,4.8501136916456744e-05,0.03282656893134117,0.0008449148735962808,0.0008449148735962808,3.886434933519922e-05,0.010259084403514862,0.00027590931858867407,0.00027590931858867407,83.64356435643565,83.64356435643565,84.99999999999999,84.99999999999999,2.149972438812256,2.149972438812256
154,6.361546547850594e-05,0.02705572545528412,0.0007082007941789925,0.0007082007941789925,3.944978743675165e-05,0.008941078558564186,0.00024325185222551227,0.00024325185222551227,78.73762376237624,78.73762376237624,80.0,80.0,2.1875829696655273,2.1875829696655273
155,5.776067337137647e-05,0.030629685148596764,0.0007946225232444704,0.0007946225232444704,3.790967821259983e-05,0.008582127280533314,0.00023350802075583488,0.00023350802075583488,87.66336633663366,87.66336633663366,88.33333333333331,88.33333333333331,2.0718140602111816,2.0718140602111816
156,8.512960630469024e-05,0.03363446518778801,0.0008834264590404928,0.0008834264590404928,9.162027708953246e-05,0.013283607549965382,0.00037790031637996435,0.00037790031637996435,79.62046204620464,79.62046204620464,81.66666666666667,81.66666666666667,2.1712119579315186,2.1712119579315186
157,8.934989455156028e-05,0.04326208308339119,0.0011262270854786038,0.0011262270854786038,7.669204205740243e-05,0.01719575934112072,0.0004682400031015277,0.0004682400031015277,70.32178217821782,70.32178217821782,73.33333333333334,73.33333333333334,2.656435012817383,2.656435012817383
158,0.00010987728455802426,0.058678846806287766,0.0015219097258523107,0.0015219097258523107,4.5589451474370435e-05,0.012434203177690506,0.00033364980481565,0.00033364980481565,68.77062706270628,68.77062706270628,73.33333333333333,73.33333333333333,2.5919129848480225,2.5919129848480225
159,0.00016113356105051935,0.05334286391735077,0.0014141383580863476,0.0014141383580863476,0.0004965783446095884,0.058168210089206696,0.001702494453638792,0.001702494453638792,66.77392739273928,66.77392739273928,68.33333333333333,68.33333333333333,2.8773677349090576,2.8773677349090576
160,0.00020494876662269235,0.06747663766145706,0.0017893902258947492,0.0017893902258947492,0.00014456611825153232,0.02153553068637848,0.0006106713553890586,0.0006106713553890586,60.0990099009901,53.56435643564357,61.66666666666667,53.333333333333336,3.051431655883789,3.1958179473876953
161,7.836848817532882e-05,0.041235338896512985,0.0010700677521526814,0.0010700677521526814,0.00011505011934787035,0.015244683250784874,0.00043864213512279093,0.00043864213512279093,73.60561056105611,73.60561056105611,76.66666666666667,76.66666666666667,2.4316117763519287,2.4316117763519287
162,7.162032852647826e-05,0.03774978592991829,0.0009795549558475614,0.0009795549558475614,6.337190279737115e-05,0.011669107712805271,0.0003234136675018817,0.0003234136675018817,79.57095709570959,79.57095709570959,81.66666666666667,81.66666666666667,2.287782669067383,2.287782669067383
163,6.92187823005952e-05,0.037844955921173096,0.0009807333117350936,0.0009807333117350936,4.919623097521253e-05,0.010171476751565933,0.0002788850397337228,0.0002788850397337228,76.62541254125414,76.62541254125414,80.0,80.0,2.299624443054199,2.299624443054199
164,7.219293911475688e-05,0.0365043543279171,0.0009487054194323719,0.0009487054194323719,5.0902890507131815e-05,0.010239738039672375,0.0002814448962453753,0.0002814448962453753,76.62541254125414,76.62541254125414,80.0,80.0,2.2646420001983643,2.2646420001983643
165,6.890843360451981e-05,0.035591404885053635,0.0009242393425665796,0.0009242393425665796,4.7146448196144775e-05,0.00936865247786045,0.00025778956478461623,0.00025778956478461623,79.57095709570959,79.57095709570959,81.66666666666667,81.66666666666667,2.240494728088379,2.240494728088379
166,6.273436156334355e-05,0.03384269401431084,0.0008774345624260604,0.0008774345624260604,4.615457510226406e-05,0.00813451036810875,0.0002264400536660105,0.0002264400536660105,78.97689768976898,78.97689768976898,81.66666666666667,81.66666666666667,2.246365785598755,2.246365785598755
167,6.114031566539779e-05,0.03450046107172966,0.0008930817130021751,0.0008930817130021751,3.839630153379403e-05,0.00752587104216218,0.0002073449140880257,0.0002073449140880257,81.92244224422441,81.92244224422441,83.33333333333334,83.33333333333334,2.233140230178833,2.233140230178833
168,6.12214207649231e-05,0.03505004942417145,0.000906862027477473,0.000906862027477473,3.745588401216082e-05,0.00750154722481966,0.0002062666171696037,0.0002062666171696037,81.92244224422441,81.92244224422441,83.33333333333334,83.33333333333334,2.252840757369995,2.252840757369995
169,6.021485023666173e-05,0.033262211829423904,0.0008616626728326082,0.0008616626728326082,3.78886834369041e-05,0.007822620682418346,0.00021450984058901668,0.00021450984058901668,82.97854785478546,82.97854785478546,85.0,85.0,2.184011936187744,2.184011936187744
170,6.00487801420968e-05,0.03278498724102974,0.0008496490772813559,0.0008496490772813559,6.321353430394083e-05,0.008161300793290138,0.00023563927970826626,0.00023563927970826626,83.88613861386138,83.88613861386138,85.0,85.0,2.206902027130127,2.206902027130127
171,6.38633209746331e-05,0.035582367330789566,0.0009214907768182456,0.0009214907768182456,4.4294232793617994e-05,0.008550729602575302,0.00023591537319589406,0.00023591537319589406,82.97854785478546,82.97854785478546,85.0,85.0,2.1965878009796143,2.1965878009796143
172,6.428904453059658e-05,0.03534344211220741,0.0009157306049019098,0.0009157306049019098,3.905146513716318e-05,0.007825572974979877,0.00021516506967600435,0.00021516506967600435,82.97854785478546,82.97854785478546,85.0,85.0,2.2116146087646484,2.2116146087646484
173,6.14030723227188e-05,0.03487906977534294,0.0009026782936416566,0.0009026782936416566,3.4252261684741825e-05,0.007086616940796375,0.00019429155508987606,0.00019429155508987606,82.97854785478546,82.97854785478546,85.0,85.0,2.2068886756896973,2.2068886756896973
174,5.910365507588722e-05,0.035373520106077194,0.0009138898458331823,0.0009138898458331823,3.3962664019782096e-05,0.006746167782694101,0.00018563550838734955,0.00018563550838734955,82.97854785478546,82.97854785478546,85.0,85.0,2.2275612354278564,2.2275612354278564
175,5.7857647334458306e-05,0.03398974612355232,0.0008786725229583681,0.0008786725229583681,3.245399784645997e-05,0.0073247430846095085,0.00019934559531975538,0.00019934559531975538,82.97854785478546,82.97854785478546,85.0,85.0,2.1396031379699707,2.1396031379699707
176,6.32560986559838e-05,0.0338144414126873,0.0008769890409894288,0.0008769890409894288,4.398144665174186e-05,0.007197367027401924,0.0002019249222939834,0.0002019249222939834,84.94224422442244,84.94224422442244,86.66666666666666,86.66666666666666,2.112387180328369,2.112387180328369
177,6.223777745617554e-05,0.033344659954309464,0.0008647355134598911,0.0008647355134598911,4.0784292650641873e-05,0.006745908875018358,0.00018903985619544983,0.00018903985619544983,84.94224422442244,84.94224422442244,86.66666666666666,86.66666666666666,2.1353726387023926,2.1353726387023926
178,6.2430692196358e-05,0.033400941640138626,0.0008662389009259641,0.0008662389009259641,3.505388303892687e-05,0.0074961744248867035,0.00020493131887633353,0.00020493131887633353,84.03465346534654,84.03465346534654,86.66666666666666,86.66666666666666,2.1074254512786865,2.1074254512786865
179,6.1388302128762e-05,0.03353468328714371,0.0008690612739883363,0.0008690612739883363,3.301052493043244e-05,0.006492375396192074,0.00017881463281810284,0.00017881463281810284,81.93069306930693,81.93069306930693,85.0,85.0,2.112555742263794,2.112555742263794
180,6.485812627943233e-05,0.035233352333307266,0.0009132628911174834,0.0009132628911174834,3.5351615224499255e-05,0.006204967852681875,0.00017279999156016856,0.00017279999156016856,80.87458745874588,80.87458745874588,83.33333333333334,83.33333333333334,2.1875903606414795,2.1875903606414795
181,6.0733233112841845e-05,0.03268630430102348,0.0008475243230350316,0.0008475243230350316,3.671017475426197e-05,0.008029427379369736,0.0002190907980548218,0.0002190907980548218,84.03465346534654,84.03465346534654,86.66666666666666,86.66666666666666,2.097921371459961,2.097921371459961
182,6.260428199311718e-05,0.03410566225647926,0.0008839436923153698,0.0008839436923153698,3.2209627534030005e-05,0.007175074890255928,0.0001954816689249128,0.0001954816689249128,82.97854785478546,82.97854785478546,85.0,85.0,2.175025463104248,2.175025463104248
183,6.215512257767841e-05,0.03334509953856468,0.0008647050126455724,0.0008647050126455724,3.088235462200828e-05,0.006595625076442957,0.00018033181549981236,0.00018033181549981236,84.03465346534654,84.03465346534654,86.66666666666666,86.66666666666666,2.0983402729034424,2.0983402729034424
184,6.116448639659211e-05,0.03381066396832466,0.0008758488111197948,0.0008758488111197948,4.370458555058576e-05,0.007409177254885435,0.00020708174270112067,0.00020708174270112067,84.03465346534654,84.03465346534654,86.66666666666666,86.66666666666666,2.0957388877868652,2.0957388877868652
185,6.422392470994964e-05,0.034163493663072586,0.0008861992973834276,0.0008861992973834276,3.213844684069045e-05,0.006120406556874514,0.00016907938697841018,0.00016907938697841018,81.01485148514853,81.01485148514853,83.33333333333334,83.33333333333334,2.1298563480377197,2.1298563480377197
186,6.357663369271904e-05,0.035394735634326935,0.0009166568052023649,0.0009166568052023649,4.4049116695532575e-05,0.005799421109259129,0.00016701007552910596,0.00016701007552910596,79.95874587458746,79.95874587458746,81.66666666666667,81.66666666666667,2.200244665145874,2.200244665145874
187,6.670496077276766e-05,0.03453923016786575,0.0008968333131633699,0.0008968333131633699,4.512431041803211e-05,0.008176697418093681,0.00022697958047501743,0.00022697958047501743,79.95874587458746,79.95874587458746,81.66666666666667,81.66666666666667,2.1474156379699707,2.1474156379699707
188,6.809928163420409e-05,0.036738112568855286,0.000952502537984401,0.000952502537984401,2.8603091777767986e-05,0.006304004695266485,0.00017190164362546057,0.00017190164362546057,81.01485148514853,81.01485148514853,83.33333333333334,83.33333333333334,2.171581268310547,2.171581268310547
189,6.0961236158618703e-05,0.03169552609324455,0.000822868722025305,0.000822868722025305,2.6784275178215466e-05,0.005137218162417412,0.0001418225874658674,0.0001418225874658674,83.88613861386138,83.88613861386138,85.0,85.0,2.070474147796631,2.070474147796631
190,6.753678462700918e-05,0.0360175222158432,0.0009342064731754363,0.0009342064731754363,3.234189352951944e-05,0.006276571657508612,0.000173085238202475,0.000173085238202475,78.91089108910892,78.91089108910892,81.66666666666667,81.66666666666667,2.1591808795928955,2.1591808795928955
191,6.657111225649714e-05,0.03562711551785469,0.0009239634382538497,0.0009239634382538497,2.8178325010230765e-05,0.00540368864312768,0.0001491813745815307,0.0001491813745815307,80.87458745874588,80.87458745874588,83.33333333333334,83.33333333333334,2.142637252807617,2.142637252807617
192,6.653503078268841e-05,0.035741038620471954,0.0009267934947274625,0.0009267934947274625,2.6356039597885683e-05,0.0058043221943080425,0.00015828607138246298,0.00015828607138246298,80.87458745874588,80.87458745874588,83.33333333333334,83.33333333333334,2.1422812938690186,2.1422812938690186
193,6.600641791010275e-05,0.03565635159611702,0.0009244121611118317,0.0009244121611118317,2.9366390663199127e-05,0.005351976491510868,0.00014848260616417974,0.00014848260616417974,78.91089108910892,78.91089108910892,81.66666666666667,81.66666666666667,2.1435110569000244,2.1435110569000244
194,6.492950342362747e-05,0.03484554961323738,0.000903603620827198,0.000903603620827198,2.837839383573737e-05,0.005302757024765015,0.00014675813145004213,0.00014675813145004213,80.87458745874588,80.87458745874588,83.33333333333334,83.33333333333334,2.1252474784851074,2.1252474784851074
195,6.36734112049453e-05,0.034214556217193604,0.000887200643774122,0.000887200643774122,2.7773867259384133e-05,0.005125026218593121,0.00014201259182300419,0.00014201259182300419,80.87458745874588,80.87458745874588,83.33333333333334,83.33333333333334,2.1041812896728516,2.1041812896728516
196,6.360399856930599e-05,0.03421502932906151,0.0008871778263710439,0.0008871778263710439,2.4655084416735917e-05,0.0050463592633605,0.00013848654634784907,0.00013848654634784907,80.87458745874588,80.87458745874588,83.33333333333334,83.33333333333334,2.109930992126465,2.109930992126465
197,6.334187492029741e-05,0.03376192972064018,0.0008757191244512796,0.0008757191244512796,3.2759962778072804e-05,0.00606880895793438,0.00016810021770652384,0.00016810021770652384,80.87458745874588,80.87458745874588,83.33333333333334,83.33333333333334,2.1078615188598633,2.1078615188598633
198,6.380267586791888e-05,0.03409013897180557,0.0008841548697091639,0.0008841548697091639,3.225888576707803e-05,0.0053855315782129765,0.00015076772251632065,0.00015076772251632065,80.87458745874588,80.87458745874588,83.33333333333334,83.33333333333334,2.1168413162231445,2.1168413162231445
199,6.359038525260985e-05,0.03434895724058151,0.0008905191789381206,0.0008905191789381206,2.8468384698498994e-05,0.005639128386974335,0.0001552124012960121,0.0001552124012960121,80.87458745874588,80.87458745874588,83.33333333333334,83.33333333333334,2.1276462078094482,2.1276462078094482
200,6.424004823202267e-05,0.0341334231197834,0.0008854555780999362,0.0008854555780999362,2.900232902902644e-05,0.005556993652135134,0.00015342602273449302,0.00015342602273449302,80.87458745874588,80.87458745874588,83.33333333333334,83.33333333333334,2.1055760383605957,2.1055760383605957
